Date, Open, High, Low, Close
06/17/22,0.9477,0.9574,0.9468,0.9527
06/16/22,0.9574,0.9633,0.9433,0.9479
06/15/22,0.9599,0.9654,0.9516,0.9574
06/14/22,0.9607,0.9618,0.9538,0.9600
06/13/22,0.9506,0.9616,0.9497,0.9609
06/10/22,0.9419,0.9517,0.9395,0.9508
06/09/22,0.9332,0.9425,0.9281,0.9417
06/08/22,0.9342,0.9371,0.9303,0.9330
06/07/22,0.9348,0.9387,0.9332,0.9341
06/06/22,0.9328,0.9375,0.9282,0.9352
06/03/22,0.9304,0.9341,0.9289,0.9330
06/02/22,0.9387,0.9394,0.9300,0.9305
06/01/22,0.9315,0.9410,0.9308,0.9388
05/31/22,0.9277,0.9363,0.9273,0.9316
05/27/22,0.9325,0.9348,0.9288,0.9315
05/26/22,0.9361,0.9379,0.9316,0.9321
05/25/22,0.9315,0.9396,0.9309,0.9362
05/24/22,0.9354,0.9482,0.9303,0.9315
05/23/22,0.9467,0.9479,0.9347,0.9353
05/20/22,0.9446,0.9495,0.9434,0.9466
05/19/22,0.9555,0.9561,0.9426,0.9446
05/18/22,0.9479,0.9560,0.9466,0.9556
05/17/22,0.9585,0.9589,0.9473,0.9477
05/16/22,0.9604,0.9625,0.9574,0.9584
05/13/22,0.9634,0.9661,0.9596,0.9604
05/12/22,0.9512,0.9657,0.9496,0.9632
05/11/22,0.9499,0.9522,0.9454,0.9512
05/10/22,0.9470,0.9500,0.9446,0.9495
05/09/22,0.9473,0.9528,0.9440,0.9467
05/06/22,0.9486,0.9539,0.9433,0.9481
05/05/22,0.9415,0.9530,0.9396,0.9486
05/04/22,0.9504,0.9518,0.9405,0.9413
05/03/22,0.9533,0.9533,0.9453,0.9506
05/02/22,0.9471,0.9533,0.9437,0.9516
04/29/22,0.9525,0.9532,0.9440,0.9484
04/28/22,0.9473,0.9549,0.9465,0.9523
04/27/22,0.9400,0.9510,0.9384,0.9471
04/26/22,0.9336,0.9402,0.9311,0.9402
04/25/22,0.9232,0.9348,0.9228,0.9335
04/22/22,0.9228,0.9285,0.9214,0.9259
04/21/22,0.9214,0.9239,0.9143,0.9230
04/20/22,0.9269,0.9274,0.9202,0.9211
04/19/22,0.9275,0.9293,0.9246,0.9270
04/14/22,0.9187,0.9294,0.9153,0.9233
04/13/22,0.9234,0.9251,0.9178,0.9181
04/12/22,0.9188,0.9241,0.9171,0.9235
04/11/22,0.9171,0.9198,0.9145,0.9187
04/08/22,0.9189,0.9228,0.9181,0.9195
04/07/22,0.9180,0.9204,0.9143,0.9192
04/06/22,0.9169,0.9196,0.9142,0.9178
04/05/22,0.9113,0.9175,0.9100,0.9170
04/04/22,0.9055,0.9124,0.9045,0.9113
04/01/22,0.9034,0.9068,0.9027,0.9052
03/31/22,0.8961,0.9041,0.8940,0.9036
03/30/22,0.9020,0.9023,0.8951,0.8960
03/29/22,0.9105,0.9115,0.8978,0.9019
03/28/22,0.9104,0.9137,0.9090,0.9102
03/25/22,0.9094,0.9107,0.9058,0.9107
03/24/22,0.9087,0.9118,0.9079,0.9094
03/23/22,0.9067,0.9121,0.9054,0.9086
03/22/22,0.9076,0.9124,0.9052,0.9065
03/21/22,0.9032,0.9083,0.9032,0.9078
03/18/22,0.9015,0.9088,0.8993,0.9052
03/17/22,0.9062,0.9084,0.8978,0.9014
03/16/22,0.9127,0.9134,0.9052,0.9074
03/15/22,0.9140,0.9152,0.9074,0.9128
03/14/22,0.9157,0.9174,0.9095,0.9139
03/11/22,0.9102,0.9172,0.9055,0.9162
03/10/22,0.9028,0.9111,0.8992,0.9101
03/09/22,0.9175,0.9183,0.9012,0.9043
03/08/22,0.9212,0.9217,0.9125,0.9175
03/07/22,0.9151,0.9253,0.9148,0.9212
03/04/22,0.9036,0.9185,0.8993,0.9121
03/03/22,0.8990,0.9062,0.8990,0.9037
03/02/22,0.8987,0.9043,0.8971,0.8992
03/01/22,0.8914,0.9017,0.8901,0.8988
02/28/22,0.8980,0.8991,0.8854,0.8913
02/25/22,0.8934,0.8956,0.8869,0.8871
02/24/22,0.8842,0.9003,0.8840,0.8916
02/23/22,0.8829,0.8849,0.8802,0.8845
02/22/22,0.8840,0.8859,0.8797,0.8830
02/18/22,0.8801,0.8838,0.8789,0.8832
02/17/22,0.8792,0.8831,0.8781,0.8801
02/16/22,0.8802,0.8815,0.8774,0.8792
02/15/22,0.8844,0.8848,0.8795,0.8803
02/14/22,0.8810,0.8864,0.8795,0.8844
02/11/22,0.8750,0.8827,0.8747,0.8810
02/10/22,0.8752,0.8791,0.8699,0.8751
02/09/22,0.8759,0.8770,0.8736,0.8752
02/08/22,0.8739,0.8775,0.8733,0.8759
02/07/22,0.8720,0.8760,0.8693,0.8740
02/04/22,0.8742,0.8793,0.8707,0.8734
02/03/22,0.8847,0.8874,0.8732,0.8740
02/02/22,0.8871,0.8876,0.8825,0.8846
02/01/22,0.8901,0.8912,0.8865,0.8871
01/31/22,0.8975,0.8978,0.8890,0.8901
01/28/22,0.8972,0.8992,0.8949,0.8970
01/27/22,0.8896,0.8983,0.8893,0.8972
01/26/22,0.8848,0.8901,0.8840,0.8896
01/25/22,0.8828,0.8878,0.8825,0.8848
01/24/22,0.8816,0.8857,0.8812,0.8830
01/21/22,0.8841,0.8849,0.8802,0.8814
01/20/22,0.8815,0.8848,0.8795,0.8841
01/19/22,0.8829,0.8835,0.8804,0.8817
01/18/22,0.8765,0.8838,0.8754,0.8829
01/14/22,0.8730,0.8773,0.8708,0.8759
01/13/22,0.8741,0.8745,0.8709,0.8730
01/12/22,0.8797,0.8806,0.8730,0.8739
01/11/22,0.8829,0.8840,0.8790,0.8797
01/10/22,0.8801,0.8860,0.8801,0.8828
01/07/22,0.8852,0.8857,0.8798,0.8801
01/06/22,0.8838,0.8862,0.8824,0.8851
01/05/22,0.8859,0.8868,0.8812,0.8839
01/04/22,0.8852,0.8871,0.8831,0.8860
01/03/22,0.8797,0.8866,0.8788,0.8851
12/31/21,0.8829,0.8847,0.8782,0.8794
12/30/21,0.8810,0.8851,0.8801,0.8828
12/29/21,0.8843,0.8871,0.8795,0.8810
12/28/21,0.8829,0.8858,0.8822,0.8841
12/27/21,0.8825,0.8848,0.8822,0.8828
12/23/21,0.8831,0.8857,0.8815,0.8827
12/22/21,0.8859,0.8878,0.8815,0.8829
12/21/21,0.8867,0.8881,0.8847,0.8859
12/20/21,0.8896,0.8901,0.8846,0.8869
12/17/21,0.8827,0.8903,0.8810,0.8897
12/16/21,0.8859,0.8864,0.8801,0.8827
12/15/21,0.8881,0.8911,0.8850,0.8856
12/14/21,0.8860,0.8886,0.8828,0.8881
12/13/21,0.8835,0.8881,0.8833,0.8861
12/10/21,0.8854,0.8877,0.8830,0.8835
12/09/21,0.8817,0.8867,0.8812,0.8855
12/08/21,0.8874,0.8877,0.8805,0.8816
12/07/21,0.8861,0.8907,0.8849,0.8875
12/06/21,0.8838,0.8876,0.8834,0.8860
12/03/21,0.8848,0.8876,0.8823,0.8839
12/02/21,0.8832,0.8854,0.8812,0.8848
12/01/21,0.8820,0.8848,0.8802,0.8833
11/30/21,0.8856,0.8900,0.8784,0.8819
11/29/21,0.8846,0.8882,0.8835,0.8855
11/26/21,0.8920,0.8924,0.8825,0.8836
11/24/21,0.8889,0.8940,0.8884,0.8929
11/23/21,0.8900,0.8908,0.8868,0.8889
11/22/21,0.8858,0.8904,0.8854,0.8901
11/19/21,0.8795,0.8889,0.8791,0.8865
11/18/21,0.8834,0.8839,0.8791,0.8791
11/17/21,0.8832,0.8877,0.8823,0.8835
11/16/21,0.8796,0.8842,0.8781,0.8833
11/15/21,0.8736,0.8806,0.8722,0.8796
11/12/21,0.8734,0.8746,0.8724,0.8736
11/11/21,0.8709,0.8739,0.8703,0.8735
11/10/21,0.8626,0.8711,0.8622,0.8711
11/09/21,0.8629,0.8643,0.8614,0.8625
11/08/21,0.8656,0.8658,0.8623,0.8630
11/05/21,0.8655,0.8686,0.8640,0.8644
11/04/21,0.8611,0.8674,0.8607,0.8655
11/03/21,0.8635,0.8649,0.8608,0.8611
11/02/21,0.8617,0.8639,0.8610,0.8636
11/01/21,0.8648,0.8662,0.8613,0.8617
10/29/21,0.8560,0.8670,0.8553,0.8651
10/28/21,0.8617,0.8634,0.8552,0.8559
10/27/21,0.8624,0.8632,0.8600,0.8619
10/26/21,0.8614,0.8632,0.8600,0.8623
10/25/21,0.8588,0.8627,0.8571,0.8613
10/22/21,0.8602,0.8605,0.8579,0.8586
10/21/21,0.8582,0.8606,0.8569,0.8601
10/20/21,0.8597,0.8609,0.8577,0.8583
10/19/21,0.8611,0.8614,0.8569,0.8596
10/18/21,0.8620,0.8642,0.8602,0.8611
10/15/21,0.8622,0.8630,0.8605,0.8622
10/14/21,0.8625,0.8633,0.8602,0.8622
10/13/21,0.8673,0.8675,0.8622,0.8624
10/12/21,0.8655,0.8677,0.8642,0.8673
10/11/21,0.8636,0.8659,0.8629,0.8655
10/08/21,0.8655,0.8665,0.8631,0.8638
10/07/21,0.8654,0.8660,0.8640,0.8656
10/06/21,0.8619,0.8674,0.8617,0.8652
10/05/21,0.8605,0.8635,0.8602,0.8623
10/04/21,0.8623,0.8630,0.8590,0.8605
10/01/21,0.8635,0.8648,0.8614,0.8626
09/30/21,0.8622,0.8649,0.8612,0.8638
09/29/21,0.8558,0.8629,0.8553,0.8623
09/28/21,0.8550,0.8570,0.8544,0.8558
09/27/21,0.8535,0.8558,0.8525,0.8550
09/24/21,0.8519,0.8547,0.8512,0.8532
09/23/21,0.8555,0.8559,0.8509,0.8519
09/22/21,0.8528,0.8558,0.8507,0.8555
09/21/21,0.8528,0.8537,0.8509,0.8527
09/20/21,0.8526,0.8547,0.8520,0.8528
09/17/21,0.8502,0.8531,0.8481,0.8528
09/16/21,0.8461,0.8510,0.8458,0.8500
09/15/21,0.8472,0.8475,0.8450,0.8463
09/14/21,0.8467,0.8475,0.8441,0.8472
09/13/21,0.8466,0.8497,0.8461,0.8466
09/10/21,0.8458,0.8469,0.8437,0.8467
09/09/21,0.8463,0.8471,0.8444,0.8457
09/08/21,0.8446,0.8473,0.8436,0.8462
09/07/21,0.8424,0.8448,0.8413,0.8444
09/03/21,0.8421,0.8427,0.8396,0.8419
09/02/21,0.8446,0.8451,0.8419,0.8421
09/01/21,0.8467,0.8479,0.8433,0.8445
08/31/21,0.8477,0.8479,0.8440,0.8468
08/30/21,0.8475,0.8487,0.8466,0.8476
08/27/21,0.8509,0.8522,0.8472,0.8477
08/26/21,0.8494,0.8513,0.8488,0.8508
08/25/21,0.8507,0.8528,0.8477,0.8495
08/24/21,0.8512,0.8527,0.8499,0.8506
08/23/21,0.8548,0.8552,0.8509,0.8514
08/20/21,0.8563,0.8574,0.8542,0.8547
08/19/21,0.8539,0.8572,0.8534,0.8563
08/18/21,0.8540,0.8551,0.8515,0.8540
08/17/21,0.8490,0.8542,0.8485,0.8542
08/16/21,0.8476,0.8498,0.8473,0.8492
08/13/21,0.8526,0.8526,0.8471,0.8477
08/12/21,0.8518,0.8530,0.8511,0.8526
08/11/21,0.8532,0.8543,0.8507,0.8518
08/10/21,0.8520,0.8540,0.8515,0.8531
08/09/21,0.8500,0.8522,0.8496,0.8521
08/06/21,0.8451,0.8508,0.8448,0.8501
08/05/21,0.8448,0.8454,0.8433,0.8451
08/04/21,0.8429,0.8451,0.8402,0.8447
08/03/21,0.8424,0.8436,0.8407,0.8429
08/02/21,0.8425,0.8433,0.8404,0.8422
07/30/21,0.8413,0.8438,0.8397,0.8425
07/29/21,0.8444,0.8446,0.8407,0.8411
07/28/21,0.8461,0.8494,0.8438,0.8442
07/27/21,0.8472,0.8496,0.8444,0.8462
07/26/21,0.8494,0.8501,0.8461,0.8473
07/23/21,0.8494,0.8507,0.8483,0.8495
07/22/21,0.8477,0.8505,0.8452,0.8495
07/21/21,0.8489,0.8509,0.8470,0.8478
07/20/21,0.8473,0.8507,0.8471,0.8488
07/19/21,0.8471,0.8501,0.8457,0.8475
07/16/21,0.8465,0.8481,0.8458,0.8470
07/15/21,0.8448,0.8477,0.8437,0.8467
07/14/21,0.8490,0.8495,0.8446,0.8448
07/13/21,0.8431,0.8494,0.8419,0.8492
07/12/21,0.8421,0.8449,0.8416,0.8430
07/09/21,0.8441,0.8457,0.8416,0.8419
07/08/21,0.8481,0.8487,0.8426,0.8442
07/07/21,0.8457,0.8488,0.8446,0.8481
07/06/21,0.8428,0.8469,0.8406,0.8458
07/02/21,0.8439,0.8468,0.8421,0.8429
07/01/21,0.8434,0.8448,0.8414,0.8438
06/30/21,0.8406,0.8442,0.8395,0.8434
06/29/21,0.8384,0.8419,0.8382,0.8404
06/28/21,0.8380,0.8401,0.8371,0.8385
06/25/21,0.8379,0.8385,0.8350,0.8377
06/24/21,0.8384,0.8390,0.8363,0.8381
06/23/21,0.8373,0.8395,0.8353,0.8385
06/22/21,0.8391,0.8417,0.8366,0.8373
06/21/21,0.8433,0.8441,0.8387,0.8390
06/18/21,0.8398,0.8440,0.8384,0.8429
06/17/21,0.8337,0.8409,0.8328,0.8399
06/16/21,0.8247,0.8337,0.8240,0.8336
06/15/21,0.8250,0.8263,0.8231,0.8246
06/14/21,0.8261,0.8268,0.8243,0.8250
06/11/21,0.8215,0.8270,0.8200,0.8258
06/10/21,0.8210,0.8234,0.8200,0.8213
06/09/21,0.8215,0.8217,0.8184,0.8211
06/08/21,0.8203,0.8221,0.8200,0.8215
06/07/21,0.8219,0.8234,0.8194,0.8204
06/04/21,0.8245,0.8262,0.8206,0.8218
06/03/21,0.8188,0.8252,0.8186,0.8246
06/02/21,0.8187,0.8221,0.8178,0.8188
06/01/21,0.8178,0.8189,0.8160,0.8186
05/28/21,0.8200,0.8242,0.8192,0.8200
05/27/21,0.8202,0.8214,0.8186,0.8201
05/26/21,0.8162,0.8208,0.8154,0.8200
05/25/21,0.8185,0.8189,0.8152,0.8162
05/24/21,0.8208,0.8215,0.8176,0.8186
05/21/21,0.8178,0.8223,0.8169,0.8210
05/20/21,0.8223,0.8223,0.8176,0.8178
05/19/21,0.8181,0.8224,0.8166,0.8213
05/18/21,0.8230,0.8230,0.8174,0.8182
05/17/21,0.8233,0.8247,0.8217,0.8229
05/14/21,0.8279,0.8285,0.8231,0.8233
05/13/21,0.8284,0.8298,0.8259,0.8278
05/12/21,0.8231,0.8288,0.8227,0.8283
05/11/21,0.8244,0.8249,0.8209,0.8230
05/10/21,0.8221,0.8246,0.8184,0.8244
05/07/21,0.8288,0.8297,0.8215,0.8222
05/06/21,0.8329,0.8338,0.8283,0.8289
05/05/21,0.8323,0.8343,0.8314,0.8330
05/04/21,0.8290,0.8334,0.8285,0.8323
05/03/21,0.8311,0.8324,0.8280,0.8289
04/30/21,0.8251,0.8322,0.8246,0.8320
04/29/21,0.8246,0.8263,0.8230,0.8250
04/28/21,0.8270,0.8294,0.8240,0.8247
04/27/21,0.8274,0.8294,0.8268,0.8270
04/26/21,0.8268,0.8290,0.8252,0.8273
04/23/21,0.8322,0.8325,0.8263,0.8265
04/22/21,0.8309,0.8338,0.8285,0.8321
04/21/21,0.8309,0.8334,0.8303,0.8309
04/20/21,0.8309,0.8318,0.8278,0.8309
04/19/21,0.8343,0.8374,0.8299,0.8307
04/16/21,0.8357,0.8368,0.8336,0.8346
04/15/21,0.8347,0.8364,0.8337,0.8357
04/14/21,0.8369,0.8371,0.8341,0.8347
04/13/21,0.8395,0.8419,0.8364,0.8369
04/12/21,0.8403,0.8423,0.8389,0.8396
04/09/21,0.8392,0.8426,0.8388,0.8402
04/08/21,0.8425,0.8431,0.8384,0.8391
04/07/21,0.8422,0.8431,0.8392,0.8423
04/06/21,0.8464,0.8478,0.8418,0.8422
04/01/21,0.8526,0.8537,0.8489,0.8490
03/31/21,0.8533,0.8545,0.8503,0.8524
03/30/21,0.8500,0.8538,0.8492,0.8534
03/29/21,0.8457,0.8503,0.8457,0.8500
03/26/21,0.8499,0.8500,0.8471,0.8478
03/25/21,0.8465,0.8502,0.8453,0.8500
03/24/21,0.8440,0.8468,0.8436,0.8464
03/23/21,0.8379,0.8444,0.8373,0.8438
03/22/21,0.8369,0.8424,0.8334,0.8380
03/19/21,0.8392,0.8421,0.8376,0.8401
03/18/21,0.8348,0.8399,0.8341,0.8391
03/17/21,0.8401,0.8414,0.8343,0.8346
03/16/21,0.8383,0.8416,0.8366,0.8400
03/15/21,0.8365,0.8395,0.8330,0.8382
03/12/21,0.8342,0.8397,0.8341,0.8365
03/11/21,0.8382,0.8392,0.8339,0.8344
03/10/21,0.8403,0.8426,0.8381,0.8383
03/09/21,0.8442,0.8449,0.8392,0.8403
03/08/21,0.8390,0.8444,0.8353,0.8442
03/05/21,0.8355,0.8407,0.8347,0.8392
03/04/21,0.8289,0.8360,0.8286,0.8352
03/03/21,0.8270,0.8303,0.8255,0.8290
03/02/21,0.8300,0.8339,0.8267,0.8271
03/01/21,0.8281,0.8314,0.8263,0.8300
02/26/21,0.8214,0.8290,0.8206,0.8282
02/25/21,0.8219,0.8227,0.8168,0.8213
02/24/21,0.8230,0.8258,0.8213,0.8217
02/23/21,0.8224,0.8240,0.8210,0.8229
02/22/21,0.8250,0.8271,0.8217,0.8225
02/19/21,0.8270,0.8276,0.8233,0.8252
02/18/21,0.8307,0.8309,0.8256,0.8256
02/17/21,0.8260,0.8317,0.8243,0.8304
02/16/21,0.8244,0.8268,0.8217,0.8261
02/12/21,0.8243,0.8276,0.8240,0.8251
02/11/21,0.8253,0.8255,0.8230,0.8242
02/10/21,0.8252,0.8259,0.8234,0.8251
02/09/21,0.8300,0.8302,0.8249,0.8250
02/08/21,0.8303,0.8319,0.8287,0.8298
02/05/21,0.8358,0.8366,0.8298,0.8299
02/04/21,0.8307,0.8363,0.8297,0.8359
02/03/21,0.8302,0.8330,0.8298,0.8309
02/02/21,0.8292,0.8325,0.8272,0.8303
02/01/21,0.8239,0.8296,0.8239,0.8292
01/29/21,0.8250,0.8268,0.8226,0.8239
01/28/21,0.8257,0.8278,0.8235,0.8249
01/27/21,0.8222,0.8292,0.8217,0.8257
01/26/21,0.8236,0.8259,0.8213,0.8223
01/25/21,0.8218,0.8254,0.8181,0.8236
01/22/21,0.8219,0.8229,0.8203,0.8215
01/21/21,0.8260,0.8262,0.8215,0.8219
01/20/21,0.8244,0.8280,0.8225,0.8260
01/19/21,0.8281,0.8283,0.8233,0.8244
01/15/21,0.8226,0.8282,0.8221,0.8278
01/14/21,0.8226,0.8257,0.8211,0.8226
01/13/21,0.8192,0.8237,0.8181,0.8224
01/12/21,0.8229,0.8240,0.8189,0.8191
01/11/21,0.8184,0.8242,0.8175,0.8230
01/08/21,0.8149,0.8201,0.8140,0.8183
01/07/21,0.8111,0.8167,0.8099,0.8150
01/06/21,0.8132,0.8152,0.8097,0.8112
01/05/21,0.8161,0.8166,0.8125,0.8131
01/04/21,0.8213,0.8217,0.8124,0.8162
12/31/20,0.8130,0.8190,0.8123,0.8186
12/30/20,0.8162,0.8165,0.8123,0.8130
12/29/20,0.8187,0.8192,0.8146,0.8163
12/28/20,0.8141,0.8209,0.8141,0.8187
12/24/20,0.8206,0.8212,0.8185,0.8206
12/23/20,0.8222,0.8225,0.8182,0.8205
12/22/20,0.8168,0.8229,0.8158,0.8223
12/21/20,0.8184,0.8244,0.8161,0.8167
12/18/20,0.8151,0.8180,0.8138,0.8157
12/17/20,0.8197,0.8202,0.8148,0.8150
12/16/20,0.8229,0.8246,0.8188,0.8196
12/15/20,0.8234,0.8249,0.8217,0.8227
12/14/20,0.8255,0.8255,0.8212,0.8236
12/11/20,0.8238,0.8261,0.8221,0.8257
12/10/20,0.8276,0.8281,0.8224,0.8236
12/09/20,0.8261,0.8292,0.8231,0.8276
12/08/20,0.8257,0.8267,0.8241,0.8261
12/07/20,0.8249,0.8279,0.8220,0.8257
12/04/20,0.8233,0.8257,0.8211,0.8250
12/03/20,0.8254,0.8263,0.8212,0.8231
12/02/20,0.8285,0.8306,0.8251,0.8253
12/01/20,0.8385,0.8385,0.8281,0.8285
11/30/20,0.8358,0.8387,0.8331,0.8385
11/27/20,0.8395,0.8398,0.8357,0.8359
11/25/20,0.8409,0.8416,0.8383,0.8393
11/24/20,0.8446,0.8448,0.8406,0.8409
11/23/20,0.8434,0.8474,0.8398,0.8446
11/20/20,0.8422,0.8439,0.8409,0.8435
11/19/20,0.8439,0.8462,0.8415,0.8422
11/18/20,0.8430,0.8439,0.8409,0.8435
11/17/20,0.8436,0.8443,0.8407,0.8430
11/16/20,0.8451,0.8464,0.8425,0.8436
11/13/20,0.8471,0.8476,0.8448,0.8448
11/12/20,0.8489,0.8504,0.8458,0.8470
11/11/20,0.8464,0.8514,0.8450,0.8489
11/10/20,0.8464,0.8489,0.8443,0.8464
11/09/20,0.8422,0.8478,0.8389,0.8465
11/06/20,0.8452,0.8478,0.8409,0.8421
11/05/20,0.8530,0.8539,0.8431,0.8453
11/04/20,0.8532,0.8617,0.8497,0.8530
11/03/20,0.8591,0.8595,0.8517,0.8531
11/02/20,0.8563,0.8605,0.8563,0.8591
10/30/20,0.8566,0.8591,0.8543,0.8586
10/29/20,0.8512,0.8583,0.8504,0.8566
10/28/20,0.8478,0.8534,0.8475,0.8513
10/27/20,0.8468,0.8479,0.8446,0.8477
10/26/20,0.8431,0.8473,0.8431,0.8468
10/23/20,0.8461,0.8484,0.8427,0.8430
10/22/20,0.8432,0.8466,0.8426,0.8460
10/21/20,0.8459,0.8459,0.8416,0.8431
10/20/20,0.8497,0.8503,0.8444,0.8458
10/19/20,0.8533,0.8545,0.8478,0.8496
10/16/20,0.8542,0.8552,0.8513,0.8533
10/15/20,0.8513,0.8555,0.8504,0.8541
10/14/20,0.8514,0.8532,0.8494,0.8513
10/13/20,0.8464,0.8525,0.8461,0.8513
10/12/20,0.8456,0.8484,0.8455,0.8466
10/09/20,0.8502,0.8508,0.8451,0.8452
10/08/20,0.8499,0.8523,0.8487,0.8503
10/07/20,0.8521,0.8529,0.8487,0.8499
10/06/20,0.8486,0.8524,0.8468,0.8523
10/05/20,0.8536,0.8541,0.8476,0.8484
10/02/20,0.8515,0.8550,0.8510,0.8534
10/01/20,0.8532,0.8534,0.8496,0.8513
09/30/20,0.8514,0.8558,0.8506,0.8531
09/29/20,0.8571,0.8575,0.8512,0.8515
09/28/20,0.8597,0.8609,0.8561,0.8571
09/25/20,0.8570,0.8612,0.8557,0.8597
09/24/20,0.8577,0.8601,0.8555,0.8569
09/23/20,0.8541,0.8582,0.8533,0.8575
09/22/20,0.8495,0.8552,0.8492,0.8541
09/21/20,0.8446,0.8524,0.8422,0.8494
09/18/20,0.8440,0.8454,0.8424,0.8445
09/17/20,0.8463,0.8519,0.8436,0.8439
09/16/20,0.8440,0.8484,0.8415,0.8463
09/15/20,0.8430,0.8446,0.8402,0.8441
09/14/20,0.8444,0.8452,0.8411,0.8430
09/11/20,0.8465,0.8465,0.8421,0.8441
09/10/20,0.8471,0.8474,0.8390,0.8463
09/09/20,0.8494,0.8509,0.8451,0.8472
09/08/20,0.8464,0.8500,0.8454,0.8493
09/07/20,0.8447,0.8466,0.8438,0.8465
09/03/20,0.8434,0.8482,0.8428,0.8438
09/02/20,0.8395,0.8458,0.8382,0.8435
09/01/20,0.8378,0.8402,0.8325,0.8395
08/31/20,0.8399,0.8414,0.8357,0.8378
08/28/20,0.8458,0.8467,0.8388,0.8399
08/27/20,0.8453,0.8501,0.8403,0.8459
08/26/20,0.8450,0.8494,0.8444,0.8452
08/25/20,0.8482,0.8486,0.8442,0.8449
08/24/20,0.8476,0.8486,0.8438,0.8483
08/21/20,0.8430,0.8507,0.8414,0.8478
08/20/20,0.8446,0.8473,0.8425,0.8430
08/19/20,0.8381,0.8453,0.8365,0.8446
08/18/20,0.8424,0.8427,0.8357,0.8382
08/17/20,0.8444,0.8454,0.8416,0.8424
08/14/20,0.8464,0.8487,0.8438,0.8443
08/13/20,0.8486,0.8488,0.8428,0.8465
08/12/20,0.8518,0.8539,0.8461,0.8486
08/11/20,0.8520,0.8531,0.8468,0.8517
08/10/20,0.8483,0.8521,0.8474,0.8519
08/07/20,0.8419,0.8507,0.8414,0.8485
08/06/20,0.8428,0.8461,0.8393,0.8419
08/05/20,0.8474,0.8480,0.8399,0.8429
08/04/20,0.8500,0.8531,0.8471,0.8473
08/03/20,0.8491,0.8549,0.8476,0.8501
07/31/20,0.8439,0.8501,0.8397,0.8489
07/30/20,0.8479,0.8524,0.8439,0.8441
07/29/20,0.8534,0.8537,0.8470,0.8481
07/28/20,0.8510,0.8548,0.8493,0.8536
07/27/20,0.8578,0.8593,0.8487,0.8509
07/24/20,0.8623,0.8635,0.8577,0.8580
07/23/20,0.8642,0.8665,0.8600,0.8623
07/22/20,0.8675,0.8690,0.8619,0.8642
07/21/20,0.8734,0.8754,0.8664,0.8675
07/20/20,0.8749,0.8769,0.8720,0.8736
07/17/20,0.8785,0.8789,0.8737,0.8748
07/16/20,0.8764,0.8795,0.8739,0.8784
07/15/20,0.8772,0.8778,0.8731,0.8763
07/14/20,0.8814,0.8830,0.8764,0.8772
07/13/20,0.8849,0.8849,0.8790,0.8814
07/10/20,0.8860,0.8885,0.8829,0.8849
07/09/20,0.8825,0.8865,0.8794,0.8861
07/08/20,0.8870,0.8878,0.8810,0.8827
07/07/20,0.8843,0.8881,0.8822,0.8871
07/06/20,0.8889,0.8897,0.8813,0.8842
07/02/20,0.8888,0.8910,0.8848,0.8896
07/01/20,0.8901,0.8940,0.8868,0.8887
06/30/20,0.8896,0.8936,0.8878,0.8902
06/29/20,0.8913,0.8931,0.8858,0.8894
06/26/20,0.8913,0.8932,0.8896,0.8914
06/25/20,0.8888,0.8936,0.8880,0.8914
06/24/20,0.8843,0.8890,0.8828,0.8888
06/23/20,0.8879,0.8902,0.8810,0.8843
06/22/20,0.8946,0.8954,0.8873,0.8880
06/19/20,0.8924,0.8954,0.8884,0.8945
06/18/20,0.8894,0.8940,0.8878,0.8926
06/17/20,0.8879,0.8922,0.8853,0.8894
06/16/20,0.8830,0.8906,0.8807,0.8878
06/15/20,0.8884,0.8908,0.8823,0.8830
06/12/20,0.8852,0.8918,0.8817,0.8884
06/11/20,0.8788,0.8859,0.8770,0.8851
06/10/20,0.8818,0.8828,0.8754,0.8789
06/09/20,0.8855,0.8896,0.8798,0.8818
06/08/20,0.8860,0.8874,0.8834,0.8854
06/05/20,0.8820,0.8867,0.8783,0.8858
06/04/20,0.8903,0.8933,0.8801,0.8822
06/03/20,0.8952,0.8955,0.8883,0.8901
06/02/20,0.8979,0.8997,0.8931,0.8954
06/01/20,0.9004,0.9009,0.8965,0.8979
05/29/20,0.9028,0.9035,0.8971,0.9005
05/28/20,0.9083,0.9098,0.9013,0.9027
05/27/20,0.9106,0.9145,0.9066,0.9083
05/26/20,0.9175,0.9182,0.9092,0.9105
05/22/20,0.9133,0.9187,0.9125,0.9173
05/21/20,0.9108,0.9143,0.9083,0.9131
05/20/20,0.9155,0.9159,0.9091,0.9109
05/19/20,0.9163,0.9172,0.9110,0.9155
05/18/20,0.9243,0.9260,0.9151,0.9162
05/15/20,0.9254,0.9268,0.9216,0.9243
05/14/20,0.9243,0.9281,0.9237,0.9254
05/13/20,0.9219,0.9249,0.9177,0.9244
05/12/20,0.9254,0.9273,0.9187,0.9217
05/11/20,0.9116,0.9259,0.9116,0.9252
05/08/20,0.9231,0.9246,0.9195,0.9227
05/07/20,0.9262,0.9288,0.9229,0.9231
05/06/20,0.9226,0.9275,0.9218,0.9264
05/05/20,0.9169,0.9237,0.9152,0.9227
05/04/20,0.9015,0.9178,0.9015,0.9171
05/01/20,0.9130,0.9145,0.9077,0.9107
04/30/20,0.9195,0.9230,0.9114,0.9130
04/29/20,0.9243,0.9244,0.9186,0.9197
04/28/20,0.9235,0.9251,0.9183,0.9242
04/27/20,0.9242,0.9249,0.9207,0.9234
04/24/20,0.9279,0.9322,0.9234,0.9240
04/23/20,0.9239,0.9297,0.9219,0.9278
04/22/20,0.9210,0.9256,0.9187,0.9240
04/21/20,0.9206,0.9245,0.9190,0.9210
04/20/20,0.9197,0.9224,0.9176,0.9205
04/17/20,0.9226,0.9249,0.9181,0.9197
04/16/20,0.9165,0.9245,0.9163,0.9225
04/15/20,0.9105,0.9211,0.9097,0.9164
04/14/20,0.9166,0.9175,0.9101,0.9107
04/09/20,0.9210,0.9224,0.9130,0.9149
04/08/20,0.9182,0.9233,0.9171,0.9210
04/07/20,0.9266,0.9273,0.9152,0.9181
04/06/20,0.9250,0.9286,0.9229,0.9266
04/03/20,0.9209,0.9282,0.9203,0.9254
04/02/20,0.9120,0.9242,0.9115,0.9211
04/01/20,0.9062,0.9172,0.9058,0.9121
03/31/20,0.9053,0.9152,0.9046,0.9062
03/30/20,0.8955,0.9082,0.8955,0.9053
03/27/20,0.9064,0.9128,0.8970,0.8978
03/26/20,0.9189,0.9200,0.9042,0.9062
03/25/20,0.9268,0.9294,0.9178,0.9190
03/24/20,0.9322,0.9327,0.9184,0.9269
03/23/20,0.9292,0.9402,0.9236,0.9322
03/20/20,0.9354,0.9401,0.9232,0.9350
03/19/20,0.9163,0.9385,0.9107,0.9352
03/18/20,0.9091,0.9257,0.9053,0.9161
03/17/20,0.8942,0.9128,0.8937,0.9093
03/16/20,0.8974,0.9038,0.8899,0.8943
03/13/20,0.8939,0.9045,0.8911,0.9006
03/12/20,0.8874,0.9045,0.8823,0.8940
03/11/20,0.8865,0.8883,0.8798,0.8873
03/10/20,0.8739,0.8869,0.8727,0.8863
03/09/20,0.8860,0.8860,0.8699,0.8740
03/06/20,0.8900,0.8918,0.8806,0.8861
03/05/20,0.8979,0.8993,0.8892,0.8900
03/04/20,0.8950,0.9013,0.8939,0.8980
03/03/20,0.8981,0.9013,0.8919,0.8951
03/02/20,0.9068,0.9068,0.8941,0.8982
02/28/20,0.9091,0.9132,0.9047,0.9069
02/27/20,0.9190,0.9195,0.9086,0.9091
02/26/20,0.9191,0.9213,0.9166,0.9190
02/25/20,0.9214,0.9234,0.9182,0.9190
02/24/20,0.9219,0.9253,0.9197,0.9212
02/21/20,0.9272,0.9273,0.9204,0.9220
02/20/20,0.9253,0.9278,0.9241,0.9272
02/19/20,0.9265,0.9274,0.9247,0.9254
02/18/20,0.9227,0.9271,0.9225,0.9265
02/14/20,0.9222,0.9235,0.9206,0.9233
02/13/20,0.9195,0.9230,0.9182,0.9222
02/12/20,0.9162,0.9204,0.9152,0.9196
02/11/20,0.9164,0.9181,0.9153,0.9160
02/10/20,0.9137,0.9167,0.9125,0.9165
02/07/20,0.9106,0.9139,0.9102,0.9135
02/06/20,0.9092,0.9120,0.9079,0.9105
02/05/20,0.9053,0.9096,0.9051,0.9091
02/04/20,0.9041,0.9064,0.9037,0.9055
02/03/20,0.9013,0.9061,0.9012,0.9042
01/31/20,0.9065,0.9077,0.9011,0.9013
01/30/20,0.9082,0.9088,0.9058,0.9064
01/29/20,0.9072,0.9097,0.9067,0.9081
01/28/20,0.9076,0.9093,0.9069,0.9073
01/27/20,0.9069,0.9083,0.9059,0.9074
01/24/20,0.9045,0.9074,0.9040,0.9070
01/23/20,0.9015,0.9061,0.9002,0.9046
01/22/20,0.9023,0.9033,0.9010,0.9013
01/21/20,0.9013,0.9025,0.8993,0.9022
01/17/20,0.8979,0.9020,0.8973,0.9015
01/16/20,0.8969,0.8986,0.8950,0.8980
01/15/20,0.8987,0.8994,0.8957,0.8969
01/14/20,0.8981,0.9005,0.8972,0.8986
01/13/20,0.8992,0.8999,0.8971,0.8982
01/10/20,0.9004,0.9021,0.8984,0.8992
01/09/20,0.9004,0.9014,0.8992,0.9003
01/08/20,0.8967,0.9007,0.8953,0.9004
01/07/20,0.8931,0.8982,0.8930,0.8967
01/06/20,0.8961,0.8963,0.8923,0.8931
01/03/20,0.8951,0.8989,0.8943,0.8961
01/02/20,0.8877,0.8958,0.8877,0.8951
12/31/19,0.8929,0.8931,0.8896,0.8917
12/30/19,0.8947,0.8951,0.8911,0.8930
12/27/19,0.9011,0.9013,0.8937,0.8948
12/24/19,0.9017,0.9034,0.9013,0.9018
12/23/19,0.9026,0.9034,0.9011,0.9018
12/20/19,0.8992,0.9036,0.8988,0.9027
12/19/19,0.8999,0.9003,0.8972,0.8991
12/18/19,0.8969,0.9001,0.8964,0.8998
12/17/19,0.8973,0.8985,0.8948,0.8967
12/16/19,0.8994,0.8994,0.8962,0.8974
12/13/19,0.8985,0.9000,0.8928,0.8993
12/12/19,0.8984,0.9007,0.8965,0.8984
12/11/19,0.9015,0.9033,0.8971,0.8984
12/10/19,0.9037,0.9040,0.9010,0.9014
12/09/19,0.9043,0.9047,0.9026,0.9036
12/06/19,0.9005,0.9058,0.9000,0.9040
12/05/19,0.9028,0.9028,0.9000,0.9006
12/04/19,0.9022,0.9036,0.8996,0.9028
12/03/19,0.9025,0.9037,0.9013,0.9024
12/02/19,0.9076,0.9089,0.9017,0.9026
11/29/19,0.9084,0.9107,0.9067,0.9076
11/27/19,0.9072,0.9098,0.9070,0.9091
11/26/19,0.9078,0.9086,0.9068,0.9073
11/25/19,0.9072,0.9088,0.9063,0.9079
11/22/19,0.9042,0.9079,0.9018,0.9074
11/21/19,0.9031,0.9048,0.9011,0.9042
11/20/19,0.9027,0.9048,0.9023,0.9030
11/19/19,0.9031,0.9040,0.9021,0.9027
11/18/19,0.9049,0.9051,0.9016,0.9031
11/15/19,0.9072,0.9079,0.9043,0.9048
11/14/19,0.9085,0.9100,0.9067,0.9073
11/13/19,0.9082,0.9095,0.9073,0.9084
11/12/19,0.9064,0.9089,0.9058,0.9083
11/11/19,0.9074,0.9077,0.9054,0.9062
11/08/19,0.9049,0.9077,0.9044,0.9076
11/07/19,0.9035,0.9061,0.9016,0.9049
11/06/19,0.9030,0.9038,0.9014,0.9037
11/05/19,0.8985,0.9039,0.8976,0.9029
11/04/19,0.8935,0.8989,0.8935,0.8986
11/01/19,0.8966,0.8986,0.8950,0.8955
10/31/19,0.8967,0.8984,0.8948,0.8966
10/30/19,0.8998,0.9025,0.8967,0.8968
10/29/19,0.9009,0.9031,0.8993,0.9000
10/28/19,0.9025,0.9034,0.9003,0.9008
10/25/19,0.9006,0.9031,0.8989,0.9026
10/24/19,0.8985,0.9015,0.8958,0.9006
10/23/19,0.8988,0.9004,0.8976,0.8984
10/22/19,0.8968,0.8994,0.8961,0.8989
10/21/19,0.8947,0.8978,0.8945,0.8969
10/18/19,0.8988,0.8997,0.8951,0.8953
10/17/19,0.9031,0.9038,0.8976,0.8990
10/16/19,0.9063,0.9072,0.9020,0.9031
10/15/19,0.9070,0.9098,0.9053,0.9065
10/14/19,0.9061,0.9080,0.9055,0.9068
10/11/19,0.9086,0.9090,0.9039,0.9060
10/10/19,0.9116,0.9116,0.9062,0.9087
10/09/19,0.9127,0.9132,0.9099,0.9115
10/08/19,0.9115,0.9140,0.9094,0.9126
10/07/19,0.9109,0.9123,0.9091,0.9114
10/04/19,0.9119,0.9127,0.9092,0.9109
10/03/19,0.9125,0.9140,0.9091,0.9122
10/02/19,0.9148,0.9171,0.9120,0.9125
10/01/19,0.9176,0.9192,0.9138,0.9147
09/30/19,0.9139,0.9187,0.9134,0.9174
09/27/19,0.9158,0.9170,0.9125,0.9140
09/26/19,0.9139,0.9166,0.9118,0.9157
09/25/19,0.9075,0.9143,0.9071,0.9138
09/24/19,0.9097,0.9105,0.9070,0.9074
09/23/19,0.9076,0.9119,0.9069,0.9096
09/20/19,0.9057,0.9094,0.9035,0.9077
09/19/19,0.9066,0.9072,0.9030,0.9058
09/18/19,0.9031,0.9079,0.9028,0.9066
09/17/19,0.9090,0.9099,0.9028,0.9031
09/16/19,0.8964,0.9096,0.8964,0.9088
09/13/19,0.9037,0.9045,0.9000,0.9031
09/12/19,0.9083,0.9152,0.9019,0.9039
09/11/19,0.9056,0.9103,0.9044,0.9083
09/10/19,0.9051,0.9066,0.9041,0.9054
09/09/19,0.8983,0.9078,0.8983,0.9052
09/06/19,0.9061,0.9074,0.9044,0.9066
09/05/19,0.9061,0.9077,0.9021,0.9062
09/04/19,0.9111,0.9117,0.9058,0.9061
09/03/19,0.9117,0.9152,0.9108,0.9112
08/30/19,0.9074,0.9122,0.9040,0.9099
08/29/19,0.9028,0.9056,0.9014,0.9044
08/28/19,0.9016,0.9031,0.9009,0.9027
08/27/19,0.9008,0.9020,0.8996,0.9017
08/26/19,0.8897,0.9013,0.8897,0.9009
08/23/19,0.9025,0.9049,0.8965,0.8973
08/22/19,0.9022,0.9039,0.8998,0.9024
08/21/19,0.9010,0.9025,0.9002,0.9020
08/20/19,0.9026,0.9037,0.9002,0.9012
08/19/19,0.9013,0.9028,0.9000,0.9025
08/16/19,0.9003,0.9036,0.8997,0.9017
08/15/19,0.8976,0.9016,0.8961,0.9003
08/14/19,0.8952,0.8984,0.8935,0.8977
08/13/19,0.8918,0.8952,0.8905,0.8951
08/12/19,0.8841,0.8959,0.8841,0.8916
08/09/19,0.8944,0.8945,0.8910,0.8928
08/08/19,0.8928,0.8947,0.8902,0.8946
08/07/19,0.8930,0.8945,0.8895,0.8929
08/06/19,0.8927,0.8951,0.8888,0.8927
08/05/19,0.8986,0.9006,0.8918,0.8926
08/02/19,0.9021,0.9033,0.8995,0.9002
08/01/19,0.9029,0.9069,0.9012,0.9022
07/31/19,0.8963,0.9041,0.8958,0.9027
07/30/19,0.8972,0.8983,0.8959,0.8963
07/29/19,0.8971,0.8998,0.8967,0.8973
07/26/19,0.8971,0.8999,0.8967,0.8987
07/25/19,0.8976,0.9008,0.8938,0.8971
07/24/19,0.8966,0.8987,0.8963,0.8978
07/23/19,0.8920,0.8972,0.8919,0.8967
07/22/19,0.8902,0.8924,0.8902,0.8920
07/19/19,0.8867,0.8926,0.8862,0.8911
07/18/19,0.8910,0.8924,0.8865,0.8866
07/17/19,0.8921,0.8929,0.8902,0.8910
07/16/19,0.8883,0.8927,0.8877,0.8921
07/15/19,0.8860,0.8886,0.8860,0.8882
07/12/19,0.8885,0.8898,0.8868,0.8874
07/11/19,0.8887,0.8892,0.8860,0.8885
07/10/19,0.8923,0.8927,0.8877,0.8888
07/09/19,0.8916,0.8933,0.8912,0.8922
07/08/19,0.8902,0.8923,0.8900,0.8917
07/05/19,0.8862,0.8923,0.8858,0.8908
07/03/19,0.8861,0.8874,0.8841,0.8866
07/02/19,0.8862,0.8869,0.8832,0.8861
07/01/19,0.8780,0.8864,0.8780,0.8861
06/28/19,0.8796,0.8809,0.8776,0.8794
06/27/19,0.8794,0.8813,0.8785,0.8795
06/26/19,0.8796,0.8813,0.8778,0.8795
06/25/19,0.8772,0.8815,0.8761,0.8797
06/24/19,0.8776,0.8797,0.8769,0.8773
06/21/19,0.8853,0.8863,0.8789,0.8795
06/20/19,0.8908,0.8908,0.8836,0.8855
06/19/19,0.8934,0.8939,0.8885,0.8907
06/18/19,0.8913,0.8943,0.8893,0.8934
06/17/19,0.8899,0.8926,0.8892,0.8915
06/14/19,0.8868,0.8927,0.8857,0.8921
06/13/19,0.8860,0.8874,0.8846,0.8869
06/12/19,0.8827,0.8863,0.8815,0.8859
06/11/19,0.8840,0.8848,0.8820,0.8828
06/10/19,0.8818,0.8857,0.8818,0.8841
06/07/19,0.8869,0.8888,0.8812,0.8823
06/06/19,0.8912,0.8927,0.8842,0.8868
06/05/19,0.8887,0.8913,0.8845,0.8913
06/04/19,0.8896,0.8907,0.8866,0.8886
06/03/19,0.8956,0.8960,0.8878,0.8896
05/31/19,0.8986,0.8989,0.8943,0.8952
05/30/19,0.8983,0.8996,0.8973,0.8984
05/29/19,0.8958,0.8989,0.8949,0.8984
05/28/19,0.8932,0.8961,0.8927,0.8959
05/24/19,0.8944,0.8948,0.8918,0.8925
05/23/19,0.8967,0.9003,0.8938,0.8944
05/22/19,0.8960,0.8970,0.8943,0.8967
05/21/19,0.8954,0.8975,0.8938,0.8959
05/20/19,0.8959,0.8968,0.8947,0.8955
05/17/19,0.8947,0.8965,0.8940,0.8962
05/16/19,0.8927,0.8955,0.8908,0.8946
05/15/19,0.8925,0.8946,0.8908,0.8926
05/14/19,0.8909,0.8927,0.8892,0.8924
05/13/19,0.8900,0.8911,0.8877,0.8911
05/10/19,0.8918,0.8918,0.8886,0.8901
05/09/19,0.8935,0.8949,0.8888,0.8916
05/08/19,0.8935,0.8943,0.8917,0.8935
05/07/19,0.8930,0.8955,0.8913,0.8936
05/06/19,0.8948,0.8953,0.8920,0.8930
05/03/19,0.8951,0.8980,0.8923,0.8928
05/02/19,0.8931,0.8952,0.8913,0.8951
05/01/19,0.8917,0.8939,0.8877,0.8932
04/30/19,0.8940,0.8948,0.8904,0.8916
04/29/19,0.8970,0.8973,0.8939,0.8939
04/26/19,0.8984,0.8997,0.8949,0.8970
04/25/19,0.8965,0.8995,0.8959,0.8983
04/24/19,0.8907,0.8975,0.8906,0.8964
04/23/19,0.8883,0.8935,0.8879,0.8906
04/22/19,0.8893,0.8900,0.8878,0.8883
04/18/19,0.8852,0.8908,0.8846,0.8905
04/17/19,0.8863,0.8866,0.8830,0.8853
04/16/19,0.8846,0.8865,0.8839,0.8865
04/15/19,0.8848,0.8852,0.8833,0.8847
04/12/19,0.8885,0.8887,0.8831,0.8848
04/11/19,0.8867,0.8889,0.8859,0.8887
04/10/19,0.8878,0.8905,0.8859,0.8870
04/09/19,0.8880,0.8885,0.8861,0.8879
04/08/19,0.8916,0.8917,0.8870,0.8876
04/05/19,0.8911,0.8920,0.8895,0.8916
04/04/19,0.8903,0.8923,0.8890,0.8912
04/03/19,0.8923,0.8928,0.8885,0.8902
04/02/19,0.8917,0.8942,0.8917,0.8922
04/01/19,0.8914,0.8925,0.8890,0.8918
03/29/19,0.8911,0.8921,0.8891,0.8914
03/28/19,0.8894,0.8917,0.8879,0.8909
03/27/19,0.8876,0.8895,0.8861,0.8893
03/26/19,0.8839,0.8879,0.8828,0.8875
03/25/19,0.8844,0.8858,0.8825,0.8840
03/22/19,0.8791,0.8870,0.8779,0.8844
03/21/19,0.8760,0.8816,0.8743,0.8792
03/20/19,0.8810,0.8822,0.8734,0.8762
03/19/19,0.8821,0.8823,0.8802,0.8809
03/18/19,0.8827,0.8834,0.8804,0.8820
03/15/19,0.8846,0.8850,0.8814,0.8827
03/14/19,0.8827,0.8854,0.8817,0.8847
03/13/19,0.8860,0.8867,0.8820,0.8828
03/12/19,0.8893,0.8893,0.8846,0.8859
03/11/19,0.8902,0.8911,0.8883,0.8892
03/08/19,0.8934,0.8940,0.8892,0.8902
03/07/19,0.8845,0.8947,0.8833,0.8933
03/06/19,0.8844,0.8860,0.8829,0.8844
03/05/19,0.8818,0.8858,0.8814,0.8843
03/04/19,0.8798,0.8842,0.8791,0.8819
03/01/19,0.8795,0.8808,0.8765,0.8798
02/28/19,0.8792,0.8803,0.8756,0.8794
02/27/19,0.8781,0.8801,0.8769,0.8795
02/26/19,0.8803,0.8814,0.8770,0.8780
02/25/19,0.8824,0.8824,0.8797,0.8805
02/22/19,0.8822,0.8837,0.8806,0.8824
02/21/19,0.8820,0.8833,0.8798,0.8819
02/20/19,0.8818,0.8830,0.8794,0.8817
02/19/19,0.8842,0.8869,0.8804,0.8815
02/15/19,0.8854,0.8901,0.8843,0.8850
02/14/19,0.8881,0.8889,0.8841,0.8853
02/13/19,0.8829,0.8882,0.8816,0.8880
02/12/19,0.8869,0.8883,0.8819,0.8828
02/11/19,0.8829,0.8875,0.8826,0.8868
02/08/19,0.8817,0.8833,0.8810,0.8829
02/07/19,0.8800,0.8831,0.8795,0.8818
02/06/19,0.8767,0.8802,0.8762,0.8801
02/05/19,0.8740,0.8771,0.8737,0.8768
02/04/19,0.8729,0.8753,0.8725,0.8743
02/01/19,0.8734,0.8747,0.8705,0.8729
01/31/19,0.8710,0.8744,0.8685,0.8736
01/30/19,0.8746,0.8767,0.8695,0.8711
01/29/19,0.8750,0.8763,0.8733,0.8747
01/28/19,0.8766,0.8779,0.8738,0.8751
01/25/19,0.8844,0.8850,0.8757,0.8766
01/24/19,0.8786,0.8858,0.8778,0.8845
01/23/19,0.8803,0.8810,0.8776,0.8787
01/22/19,0.8798,0.8821,0.8792,0.8802
01/21/19,0.8798,0.8806,0.8779,0.8799
01/18/19,0.8776,0.8808,0.8764,0.8798
01/17/19,0.8775,0.8795,0.8767,0.8778
01/16/19,0.8761,0.8790,0.8753,0.8778
01/15/19,0.8718,0.8786,0.8702,0.8762
01/11/19,0.8695,0.8728,0.8665,0.8719
01/10/19,0.8663,0.8706,0.8643,0.8696
01/09/19,0.8740,0.8744,0.8652,0.8664
01/08/19,0.8714,0.8755,0.8707,0.8741
01/07/19,0.8775,0.8775,0.8709,0.8715
01/04/19,0.8776,0.8814,0.8757,0.8775
01/03/19,0.8816,0.8842,0.8763,0.8777
01/02/19,0.8722,0.8830,0.8698,0.8815
12/31/18,0.8739,0.8755,0.8719,0.8721
12/28/18,0.8749,0.8751,0.8714,0.8739
12/27/18,0.8808,0.8809,0.8729,0.8748
12/26/18,0.8776,0.8816,0.8756,0.8809
12/24/18,0.8794,0.8794,0.8742,0.8773
12/21/18,0.8736,0.8806,0.8715,0.8794
12/20/18,0.8789,0.8794,0.8706,0.8737
12/19/18,0.8801,0.8801,0.8742,0.8790
12/18/18,0.8813,0.8821,0.8770,0.8802
12/17/18,0.8845,0.8847,0.8804,0.8812
12/14/18,0.8800,0.8873,0.8797,0.8845
12/13/18,0.8797,0.8825,0.8777,0.8802
12/12/18,0.8835,0.8837,0.8782,0.8796
12/11/18,0.8805,0.8845,0.8772,0.8836
12/10/18,0.8786,0.8810,0.8739,0.8806
12/07/18,0.8790,0.8804,0.8754,0.8786
12/06/18,0.8814,0.8833,0.8762,0.8791
12/04/18,0.8808,0.8835,0.8758,0.8816
12/03/18,0.8835,0.8835,0.8788,0.8806
11/30/18,0.8776,0.8845,0.8771,0.8835
11/29/18,0.8797,0.8811,0.8770,0.8777
11/28/18,0.8857,0.8875,0.8782,0.8798
11/27/18,0.8827,0.8867,0.8815,0.8859
11/26/18,0.8821,0.8831,0.8785,0.8828
11/23/18,0.8768,0.8828,0.8756,0.8821
11/21/18,0.8794,0.8799,0.8753,0.8784
11/20/18,0.8730,0.8804,0.8716,0.8795
11/19/18,0.8757,0.8776,0.8723,0.8731
11/16/18,0.8826,0.8833,0.8756,0.8757
11/15/18,0.8842,0.8872,0.8802,0.8827
11/14/18,0.8857,0.8879,0.8813,0.8841
11/13/18,0.8916,0.8916,0.8853,0.8858
11/12/18,0.8822,0.8917,0.8822,0.8914
11/09/18,0.8799,0.8836,0.8796,0.8822
11/08/18,0.8753,0.8809,0.8737,0.8800
11/07/18,0.8752,0.8776,0.8696,0.8752
11/06/18,0.8767,0.8778,0.8743,0.8751
11/05/18,0.8782,0.8805,0.8753,0.8766
11/02/18,0.8766,0.8794,0.8729,0.8782
11/01/18,0.8840,0.8843,0.8753,0.8765
10/31/18,0.8815,0.8848,0.8801,0.8841
10/30/18,0.8794,0.8818,0.8781,0.8814
10/29/18,0.8771,0.8802,0.8759,0.8793
10/26/18,0.8792,0.8821,0.8756,0.8771
10/25/18,0.8777,0.8807,0.8747,0.8791
10/24/18,0.8717,0.8787,0.8713,0.8778
10/23/18,0.8723,0.8741,0.8701,0.8718
10/22/18,0.8685,0.8729,0.8658,0.8722
10/19/18,0.8732,0.8746,0.8670,0.8685
10/18/18,0.8694,0.8734,0.8675,0.8731
10/17/18,0.8639,0.8698,0.8635,0.8695
10/16/18,0.8635,0.8646,0.8604,0.8640
10/15/18,0.8649,0.8664,0.8616,0.8636
10/12/18,0.8628,0.8669,0.8613,0.8649
10/11/18,0.8680,0.8681,0.8622,0.8625
10/10/18,0.8702,0.8711,0.8662,0.8681
10/09/18,0.8702,0.8747,0.8693,0.8701
10/08/18,0.8679,0.8726,0.8673,0.8703
10/05/18,0.8684,0.8707,0.8659,0.8679
10/04/18,0.8713,0.8723,0.8664,0.8685
10/03/18,0.8659,0.8722,0.8626,0.8712
10/02/18,0.8636,0.8691,0.8635,0.8660
10/01/18,0.8617,0.8648,0.8603,0.8637
09/28/18,0.8590,0.8643,0.8583,0.8617
09/27/18,0.8519,0.8593,0.8505,0.8591
09/26/18,0.8498,0.8528,0.8476,0.8518
09/25/18,0.8511,0.8524,0.8480,0.8499
09/24/18,0.8511,0.8529,0.8464,0.8512
09/21/18,0.8490,0.8523,0.8473,0.8511
09/20/18,0.8566,0.8570,0.8486,0.8491
09/19/18,0.8572,0.8583,0.8536,0.8567
09/18/18,0.8558,0.8582,0.8530,0.8571
09/17/18,0.8605,0.8607,0.8548,0.8559
09/14/18,0.8555,0.8606,0.8531,0.8605
09/13/18,0.8602,0.8614,0.8551,0.8554
09/12/18,0.8616,0.8643,0.8584,0.8601
09/11/18,0.8625,0.8646,0.8588,0.8617
09/10/18,0.8655,0.8675,0.8609,0.8626
09/07/18,0.8604,0.8657,0.8584,0.8655
09/06/18,0.8597,0.8617,0.8577,0.8603
09/05/18,0.8635,0.8663,0.8592,0.8598
09/04/18,0.8607,0.8673,0.8599,0.8634
08/31/18,0.8570,0.8632,0.8554,0.8619
08/30/18,0.8542,0.8590,0.8534,0.8569
08/29/18,0.8552,0.8582,0.8539,0.8541
08/28/18,0.8564,0.8574,0.8523,0.8551
08/27/18,0.8604,0.8624,0.8552,0.8563
08/24/18,0.8666,0.8669,0.8591,0.8604
08/23/18,0.8622,0.8673,0.8621,0.8664
08/22/18,0.8643,0.8656,0.8604,0.8623
08/21/18,0.8709,0.8710,0.8620,0.8642
08/20/18,0.8743,0.8776,0.8707,0.8710
08/17/18,0.8791,0.8798,0.8738,0.8743
08/16/18,0.8815,0.8821,0.8764,0.8790
08/15/18,0.8814,0.8848,0.8807,0.8814
08/14/18,0.8765,0.8826,0.8750,0.8815
08/13/18,0.8763,0.8799,0.8747,0.8764
08/10/18,0.8674,0.8782,0.8668,0.8763
08/09/18,0.8612,0.8676,0.8606,0.8675
08/08/18,0.8621,0.8640,0.8600,0.8613
08/07/18,0.8656,0.8658,0.8614,0.8622
08/06/18,0.8645,0.8673,0.8643,0.8655
08/03/18,0.8631,0.8649,0.8613,0.8645
08/02/18,0.8575,0.8634,0.8570,0.8632
08/01/18,0.8554,0.8579,0.8547,0.8576
07/31/18,0.8543,0.8557,0.8514,0.8553
07/30/18,0.8579,0.8585,0.8533,0.8544
07/27/18,0.8590,0.8604,0.8573,0.8579
07/26/18,0.8527,0.8591,0.8515,0.8589
07/25/18,0.8558,0.8573,0.8519,0.8526
07/24/18,0.8552,0.8580,0.8535,0.8559
07/23/18,0.8528,0.8559,0.8511,0.8553
07/20/18,0.8589,0.8601,0.8519,0.8528
07/19/18,0.8593,0.8639,0.8563,0.8590
07/18/18,0.8577,0.8619,0.8573,0.8592
07/17/18,0.8539,0.8584,0.8514,0.8575
07/16/18,0.8558,0.8564,0.8528,0.8538
07/13/18,0.8569,0.8611,0.8556,0.8558
07/12/18,0.8566,0.8584,0.8550,0.8568
07/11/18,0.8514,0.8573,0.8505,0.8567
07/10/18,0.8507,0.8554,0.8501,0.8515
07/09/18,0.8515,0.8523,0.8481,0.8510
07/06/18,0.8553,0.8562,0.8499,0.8515
07/05/18,0.8578,0.8584,0.8532,0.8554
07/03/18,0.8591,0.8605,0.8567,0.8578
07/02/18,0.8559,0.8627,0.8559,0.8592
06/29/18,0.8645,0.8652,0.8554,0.8559
06/28/18,0.8656,0.8675,0.8622,0.8644
06/27/18,0.8586,0.8665,0.8568,0.8655
06/26/18,0.8545,0.8594,0.8533,0.8585
06/25/18,0.8580,0.8599,0.8537,0.8544
06/22/18,0.8619,0.8620,0.8565,0.8580
06/21/18,0.8643,0.8689,0.8596,0.8618
06/20/18,0.8628,0.8667,0.8621,0.8641
06/19/18,0.8603,0.8672,0.8588,0.8629
06/18/18,0.8614,0.8646,0.8602,0.8604
06/15/18,0.8643,0.8662,0.8601,0.8614
06/14/18,0.8480,0.8647,0.8440,0.8645
06/13/18,0.8514,0.8527,0.8475,0.8481
06/12/18,0.8487,0.8522,0.8468,0.8515
06/11/18,0.8497,0.8497,0.8460,0.8486
06/08/18,0.8474,0.8527,0.8467,0.8497
06/07/18,0.8492,0.8494,0.8446,0.8475
06/06/18,0.8535,0.8540,0.8478,0.8493
06/05/18,0.8549,0.8581,0.8524,0.8534
06/04/18,0.8577,0.8577,0.8515,0.8548
06/01/18,0.8551,0.8606,0.8534,0.8577
05/31/18,0.8574,0.8590,0.8530,0.8552
05/30/18,0.8667,0.8682,0.8565,0.8573
05/29/18,0.8602,0.8688,0.8591,0.8666
05/28/18,0.8585,0.8615,0.8526,0.8603
05/24/18,0.8549,0.8554,0.8510,0.8533
05/23/18,0.8489,0.8565,0.8482,0.8548
05/22/18,0.8482,0.8506,0.8453,0.8490
05/21/18,0.8495,0.8535,0.8477,0.8481
05/18/18,0.8479,0.8511,0.8459,0.8495
05/17/18,0.8470,0.8491,0.8448,0.8478
05/16/18,0.8447,0.8501,0.8436,0.8469
05/15/18,0.8385,0.8460,0.8376,0.8448
05/14/18,0.8374,0.8385,0.8336,0.8384
05/11/18,0.8393,0.8409,0.8355,0.8374
05/10/18,0.8439,0.8444,0.8371,0.8392
05/09/18,0.8428,0.8458,0.8406,0.8438
05/08/18,0.8387,0.8447,0.8376,0.8429
05/07/18,0.8361,0.8405,0.8349,0.8388
05/04/18,0.8340,0.8395,0.8336,0.8361
05/03/18,0.8367,0.8370,0.8327,0.8341
05/02/18,0.8338,0.8377,0.8311,0.8368
05/01/18,0.8279,0.8346,0.8275,0.8339
04/30/18,0.8243,0.8289,0.8238,0.8280
04/27/18,0.8261,0.8295,0.8242,0.8243
04/26/18,0.8222,0.8267,0.8191,0.8262
04/25/18,0.8176,0.8224,0.8171,0.8223
04/24/18,0.8192,0.8209,0.8167,0.8175
04/23/18,0.8138,0.8198,0.8137,0.8191
04/20/18,0.8099,0.8162,0.8095,0.8138
04/19/18,0.8080,0.8111,0.8065,0.8100
04/18/18,0.8083,0.8102,0.8066,0.8081
04/17/18,0.8077,0.8106,0.8055,0.8084
04/16/18,0.8110,0.8114,0.8068,0.8078
04/13/18,0.8112,0.8125,0.8099,0.8110
04/12/18,0.8085,0.8130,0.8078,0.8113
04/11/18,0.8094,0.8099,0.8067,0.8086
04/10/18,0.8117,0.8128,0.8079,0.8093
04/09/18,0.8142,0.8156,0.8111,0.8116
04/06/18,0.8169,0.8186,0.8136,0.8142
04/05/18,0.8144,0.8184,0.8137,0.8170
04/04/18,0.8149,0.8159,0.8121,0.8145
04/03/18,0.8128,0.8160,0.8106,0.8150
04/02/18,0.8115,0.8142,0.8100,0.8129
03/29/18,0.8125,0.8140,0.8107,0.8130
03/28/18,0.8062,0.8130,0.8051,0.8124
03/27/18,0.8036,0.8082,0.8015,0.8063
03/26/18,0.8095,0.8096,0.8025,0.8037
03/23/18,0.8128,0.8130,0.8082,0.8095
03/22/18,0.8104,0.8139,0.8072,0.8129
03/21/18,0.8168,0.8169,0.8097,0.8105
03/20/18,0.8105,0.8170,0.8094,0.8169
03/19/18,0.8137,0.8158,0.8091,0.8107
03/16/18,0.8126,0.8156,0.8106,0.8137
03/15/18,0.8086,0.8130,0.8075,0.8127
03/14/18,0.8070,0.8099,0.8056,0.8085
03/13/18,0.8108,0.8120,0.8060,0.8071
03/12/18,0.8127,0.8137,0.8100,0.8107
03/09/18,0.8123,0.8148,0.8108,0.8127
03/08/18,0.8057,0.8131,0.8035,0.8122
03/07/18,0.8061,0.8074,0.8036,0.8058
03/06/18,0.8106,0.8111,0.8052,0.8062
03/05/18,0.8119,0.8151,0.8098,0.8107
03/02/18,0.8152,0.8162,0.8106,0.8119
03/01/18,0.8202,0.8227,0.8148,0.8151
02/28/18,0.8174,0.8204,0.8169,0.8201
02/27/18,0.8118,0.8182,0.8100,0.8175
02/26/18,0.8133,0.8145,0.8094,0.8119
02/23/18,0.8111,0.8143,0.8106,0.8133
02/22/18,0.8140,0.8157,0.8096,0.8110
02/21/18,0.8106,0.8143,0.8091,0.8141
02/20/18,0.8061,0.8117,0.8056,0.8105
02/16/18,0.7998,0.8068,0.7965,0.8059
02/15/18,0.8031,0.8033,0.7994,0.7996
02/14/18,0.8095,0.8146,0.8022,0.8032
02/13/18,0.8135,0.8140,0.8083,0.8096
02/12/18,0.8163,0.8173,0.8132,0.8136
02/09/18,0.8166,0.8193,0.8139,0.8163
02/08/18,0.8155,0.8189,0.8133,0.8165
02/07/18,0.8079,0.8166,0.8061,0.8154
02/06/18,0.8085,0.8120,0.8042,0.8080
02/05/18,0.8028,0.8089,0.8016,0.8086
02/02/18,0.7995,0.8058,0.7988,0.8028
02/01/18,0.8053,0.8074,0.7986,0.7996
01/31/18,0.8061,0.8073,0.8016,0.8056
01/30/18,0.8077,0.8106,0.8030,0.8063
01/29/18,0.8047,0.8105,0.8044,0.8076
01/26/18,0.8068,0.8083,0.8004,0.8047
01/25/18,0.8058,0.8087,0.7977,0.8066
01/24/18,0.8130,0.8134,0.8055,0.8059
01/23/18,0.8155,0.8181,0.8126,0.8131
01/22/18,0.8186,0.8187,0.8152,0.8156
01/19/18,0.8172,0.8187,0.8133,0.8186
01/18/18,0.8207,0.8220,0.8154,0.8171
01/17/18,0.8157,0.8212,0.8115,0.8206
01/16/18,0.8153,0.8199,0.8141,0.8156
01/12/18,0.8310,0.8312,0.8186,0.8196
01/11/18,0.8369,0.8382,0.8293,0.8311
01/10/18,0.8378,0.8387,0.8321,0.8370
01/09/18,0.8355,0.8392,0.8350,0.8377
01/08/18,0.8313,0.8364,0.8297,0.8356
01/05/18,0.8287,0.8319,0.8276,0.8313
01/04/18,0.8324,0.8330,0.8272,0.8286
01/03/18,0.8292,0.8332,0.8287,0.8323
01/02/18,0.8327,0.8330,0.8277,0.8293
12/29/17,0.8372,0.8378,0.8315,0.8331
12/28/17,0.8405,0.8408,0.8362,0.8373
12/27/17,0.8433,0.8435,0.8396,0.8412
12/26/17,0.8422,0.8441,0.8420,0.8431
12/22/17,0.8421,0.8462,0.8420,0.8430
12/21/17,0.8423,0.8439,0.8410,0.8422
12/20/17,0.8445,0.8454,0.8402,0.8424
12/19/17,0.8487,0.8491,0.8439,0.8446
12/18/17,0.8511,0.8516,0.8450,0.8488
12/15/17,0.8490,0.8512,0.8466,0.8511
12/14/17,0.8455,0.8495,0.8430,0.8491
12/13/17,0.8516,0.8525,0.8452,0.8456
12/12/17,0.8496,0.8534,0.8480,0.8517
12/11/17,0.8494,0.8501,0.8466,0.8497
12/08/17,0.8493,0.8524,0.8491,0.8494
12/07/17,0.8477,0.8495,0.8466,0.8494
12/06/17,0.8455,0.8489,0.8440,0.8478
12/05/17,0.8427,0.8474,0.8420,0.8456
12/04/17,0.8406,0.8453,0.8406,0.8428
12/01/17,0.8401,0.8438,0.8375,0.8406
11/30/17,0.8440,0.8467,0.8381,0.8400
11/29/17,0.8446,0.8462,0.8415,0.8441
11/28/17,0.8408,0.8455,0.8389,0.8445
11/27/17,0.8382,0.8407,0.8361,0.8405
11/24/17,0.8438,0.8448,0.8372,0.8382
11/22/17,0.8520,0.8523,0.8456,0.8459
11/21/17,0.8522,0.8537,0.8505,0.8519
11/20/17,0.8481,0.8528,0.8468,0.8523
11/17/17,0.8495,0.8499,0.8459,0.8481
11/16/17,0.8482,0.8506,0.8474,0.8496
11/15/17,0.8477,0.8486,0.8432,0.8481
11/14/17,0.8569,0.8575,0.8471,0.8476
11/13/17,0.8589,0.8593,0.8565,0.8571
11/10/17,0.8625,0.8631,0.8582,0.8589
11/09/17,0.8625,0.8631,0.8582,0.8589
11/08/17,0.8630,0.8636,0.8612,0.8624
11/07/17,0.8614,0.8654,0.8609,0.8631
11/06/17,0.8615,0.8635,0.8603,0.8613
11/03/17,0.8578,0.8621,0.8555,0.8615
11/02/17,0.8606,0.8611,0.8557,0.8577
11/01/17,0.8586,0.8615,0.8578,0.8607
10/31/17,0.8584,0.8602,0.8576,0.8587
10/30/17,0.8615,0.8622,0.8578,0.8583
10/27/17,0.8583,0.8640,0.8578,0.8615
10/26/17,0.8466,0.8591,0.8449,0.8584
10/25/17,0.8503,0.8508,0.8462,0.8465
10/24/17,0.8512,0.8516,0.8480,0.8502
10/23/17,0.8485,0.8528,0.8485,0.8511
10/20/17,0.8436,0.8501,0.8433,0.8485
10/19/17,0.8483,0.8497,0.8433,0.8437
10/18/17,0.8498,0.8525,0.8471,0.8484
10/17/17,0.8477,0.8520,0.8475,0.8499
10/16/17,0.8460,0.8489,0.8460,0.8478
10/13/17,0.8454,0.8471,0.8421,0.8460
10/12/17,0.8432,0.8455,0.8417,0.8453
10/11/17,0.8468,0.8478,0.8425,0.8433
10/10/17,0.8517,0.8518,0.8456,0.8469
10/09/17,0.8524,0.8533,0.8506,0.8518
10/06/17,0.8537,0.8569,0.8519,0.8524
10/05/17,0.8505,0.8548,0.8490,0.8539
10/04/17,0.8516,0.8521,0.8483,0.8504
10/03/17,0.8520,0.8549,0.8494,0.8515
10/02/17,0.8464,0.8525,0.8464,0.8523
09/29/17,0.8485,0.8494,0.8452,0.8464
09/28/17,0.8514,0.8532,0.8472,0.8484
09/27/17,0.8479,0.8534,0.8478,0.8515
09/26/17,0.8441,0.8505,0.8431,0.8480
09/25/17,0.8368,0.8451,0.8368,0.8440
09/22/17,0.8375,0.8377,0.8331,0.8368
09/21/17,0.8409,0.8428,0.8366,0.8374
09/20/17,0.8338,0.8430,0.8319,0.8407
09/19/17,0.8366,0.8368,0.8329,0.8337
09/18/17,0.8371,0.8393,0.8355,0.8365
09/15/17,0.8389,0.8403,0.8343,0.8371
09/14/17,0.8413,0.8447,0.8388,0.8390
09/13/17,0.8356,0.8422,0.8337,0.8414
09/12/17,0.8365,0.8385,0.8349,0.8357
09/11/17,0.8309,0.8370,0.8309,0.8366
09/08/17,0.8318,0.8323,0.8270,0.8309
09/07/17,0.8389,0.8393,0.8292,0.8317
09/06/17,0.8393,0.8401,0.8369,0.8391
09/05/17,0.8405,0.8426,0.8375,0.8394
09/01/17,0.8397,0.8438,0.8348,0.8432
08/31/17,0.8414,0.8458,0.8394,0.8396
08/30/17,0.8352,0.8417,0.8344,0.8415
08/29/17,0.8349,0.8370,0.8286,0.8353
08/28/17,0.8387,0.8391,0.8344,0.8348
08/25/17,0.8474,0.8494,0.8374,0.8387
08/24/17,0.8469,0.8486,0.8461,0.8475
08/23/17,0.8501,0.8516,0.8458,0.8470
08/22/17,0.8463,0.8514,0.8457,0.8502
08/21/17,0.8503,0.8524,0.8454,0.8464
08/18/17,0.8531,0.8541,0.8494,0.8503
08/17/17,0.8499,0.8574,0.8482,0.8530
08/16/17,0.8522,0.8560,0.8490,0.8498
08/15/17,0.8488,0.8556,0.8480,0.8521
08/14/17,0.8460,0.8496,0.8447,0.8489
08/11/17,0.8495,0.8512,0.8442,0.8460
08/10/17,0.8505,0.8544,0.8486,0.8494
08/09/17,0.8510,0.8555,0.8500,0.8504
08/08/17,0.8477,0.8536,0.8457,0.8508
08/07/17,0.8495,0.8495,0.8465,0.8478
08/04/17,0.8424,0.8524,0.8411,0.8495
08/03/17,0.8434,0.8453,0.8408,0.8425
08/02/17,0.8473,0.8479,0.8399,0.8435
08/01/17,0.8444,0.8485,0.8443,0.8474
07/31/17,0.8511,0.8530,0.8442,0.8445
07/28/17,0.8563,0.8568,0.8500,0.8511
07/27/17,0.8522,0.8584,0.8491,0.8564
07/26/17,0.8584,0.8611,0.8518,0.8523
07/25/17,0.8588,0.8598,0.8538,0.8586
07/24/17,0.8573,0.8601,0.8560,0.8589
07/21/17,0.8597,0.8606,0.8560,0.8573
07/20/17,0.8683,0.8711,0.8581,0.8598
07/19/17,0.8654,0.8688,0.8652,0.8684
07/18/17,0.8711,0.8717,0.8633,0.8655
07/17/17,0.8720,0.8745,0.8705,0.8712
07/14/17,0.8773,0.8778,0.8716,0.8720
07/13/17,0.8761,0.8794,0.8729,0.8774
07/12/17,0.8721,0.8778,0.8704,0.8763
07/11/17,0.8773,0.8785,0.8711,0.8720
07/10/17,0.8772,0.8786,0.8758,0.8772
07/07/17,0.8755,0.8787,0.8742,0.8772
07/06/17,0.8810,0.8826,0.8753,0.8754
07/05/17,0.8813,0.8840,0.8796,0.8809
07/03/17,0.8751,0.8807,0.8751,0.8800
06/30/17,0.8742,0.8778,0.8737,0.8751
06/29/17,0.8790,0.8791,0.8737,0.8741
06/28/17,0.8820,0.8856,0.8780,0.8789
06/27/17,0.8942,0.8945,0.8811,0.8819
06/26/17,0.8930,0.8951,0.8913,0.8943
06/23/17,0.8966,0.8972,0.8921,0.8934
06/22/17,0.8955,0.8977,0.8946,0.8967
06/21/17,0.8981,0.8987,0.8953,0.8954
06/20/17,0.8969,0.8994,0.8957,0.8982
06/19/17,0.8931,0.8974,0.8919,0.8970